hâ˜€ï¸biâ·,DuhğŸ˜› https://t.co/3lGmo7GpF6,1084901
pausyon,DuhğŸ˜› https://t.co/3lGmo7GpF6,1084898
MalakğŸŒ™â·,DuhğŸ˜› https://t.co/3lGmo7GpF6,1084889
ğ‘¬ğ’ğ’š â™¡,DuhğŸ˜› https://t.co/3lGmo7GpF6,1084888
á´€Éªá´€á´€á´€á´á´€,"#InMyFeelingsChallenge 
#HopeOnTheStreet https://t.co/Bm8bxtKsFq",1030951
Â¨Ì®kodyâ· // hobiuaryğŸ¥º,"#InMyFeelingsChallenge 
#HopeOnTheStreet https://t.co/Bm8bxtKsFq",1030948
MirağŸŒ¸,"#InMyFeelingsChallenge 
#HopeOnTheStreet https://t.co/Bm8bxtKsFq",1030946
ğŸŒˆAle ì •êµ­ á´±áµáµ’â˜€ï¸á´´áµ’áµ–áµ‰áµ‚áµ’Ê³Ë¡áµˆğŸŒ,ìš”ê±°ëŠ”...ê¸°ëŒ€í•´ì£¼ì„¸ìš© ã…ã… https://t.co/AWIFVQqeep,683710
Noha â·,ìš”ê±°ëŠ”...ê¸°ëŒ€í•´ì£¼ì„¸ìš© ã…ã… https://t.co/AWIFVQqeep,683709
ultramarineâ·,ìš”ê±°ëŠ”...ê¸°ëŒ€í•´ì£¼ì„¸ìš© ã…ã… https://t.co/AWIFVQqeep,683705
