"",219772
United States,493
Brasil,65
Россия,45
India,28
Türkiye,27
Russia,25
United Kingdom,21
Argentina,18
France,15
Canada,14
Україна,14
Australia,14
España,12
Украина,12
Peru,11
Indonesia,11
Italia,9
Nigeria,9
Republic of the Philippines,8
Kingdom of Saudi Arabia,8
Deutschland,8
المملكة العربية السعودية,6
Iraq,5
Ecuador,5
Chile,5
Tunisia,5
México,5
South Africa,5
Islamic Republic of Iran,4
Spain,4
Japan,4
Việt Nam,3
The Netherlands,3
Malaysia,3
Fiji,3
Azerbaijan,3
Portugal,3
Colombia,3
Turkey,2
Myanmar,2
Ghana,2
Bahamas,2
Republic of Belarus,2
Republic of Mauritius,2
Denmark,2
Bangladesh,2
Ukraine,2
Polska,2
Brazil,2
Kenya,2
Estados Unidos,2
New Zealand,2
Costa Rica,2
Kazakhstan,2
Pakistan,2
Paraguay,1
Senegal,1
Republic of Korea,1
Singapore,1
Malawi,1
Germany,1
Maldives,1
Беларусь,1
جمهوری اسلامی ایران,1
Liban,1
Nicaragua,1
Benin,1
Nederland,1
Panamá,1
Italy,1
Algérie,1
Niger,1
Ireland,1
Thailand,1
Panama,1
Uruguay,1
Mexico,1
Georgia,1
Guatemala,1
Switzerland,1
ประเทศไทย,1
Zambia,1
Jamaica,1
United Arab Emirates,1
Lebanon,1
Dominican Republic,1
Reino Unido,1
Poland,1
Romania,1
El Salvador,1
Bahrain,1
Democratic Republic of Congo,1
Vietnam,1
