elisaod08,RT @BTS_twt: DuhðŸ˜› https://t.co/3lGmo7GpF6,1084901
Pauline84084985,RT @BTS_twt: DuhðŸ˜› https://t.co/3lGmo7GpF6,1084898
malakNU_,RT @BTS_twt: DuhðŸ˜› https://t.co/3lGmo7GpF6,1084889
emillybcarmo,RT @BTS_twt: DuhðŸ˜› https://t.co/3lGmo7GpF6,1084888
aiaaaoa,"RT @BTS_twt: #InMyFeelingsChallenge 
#HopeOnTheStreet https://t.co/Bm8bxtKsFq",1030951
seokmelody,"RT @BTS_twt: #InMyFeelingsChallenge 
#HopeOnTheStreet https://t.co/Bm8bxtKsFq",1030948
mmary2179,"RT @BTS_twt: #InMyFeelingsChallenge 
#HopeOnTheStreet https://t.co/Bm8bxtKsFq",1030946
Ale9711army,RT @BTS_twt: ìš”ê±°ëŠ”...ê¸°ëŒ€í•´ì£¼ì„¸ìš© ã…Žã…Ž https://t.co/AWIFVQqeep,683710
nrhteu,RT @BTS_twt: ìš”ê±°ëŠ”...ê¸°ëŒ€í•´ì£¼ì„¸ìš© ã…Žã…Ž https://t.co/AWIFVQqeep,683709
aiesyahxhumaira,RT @BTS_twt: ìš”ê±°ëŠ”...ê¸°ëŒ€í•´ì£¼ì„¸ìš© ã…Žã…Ž https://t.co/AWIFVQqeep,683705
bc6952a7b78d455,RT @BTS_twt: ìš”ê±°ëŠ”...ê¸°ëŒ€í•´ì£¼ì„¸ìš© ã…Žã…Ž https://t.co/AWIFVQqeep,683704
Euphorian901,RT @BTS_twt: ìš”ê±°ëŠ”...ê¸°ëŒ€í•´ì£¼ì„¸ìš© ã…Žã…Ž https://t.co/AWIFVQqeep,683701
RJSJV2J,RT @BTS_twt: ìš”ê±°ëŠ”...ê¸°ëŒ€í•´ì£¼ì„¸ìš© ã…Žã…Ž https://t.co/AWIFVQqeep,683701
luhan1985,RT @BTS_twt: ìš”ê±°ëŠ”...ê¸°ëŒ€í•´ì£¼ì„¸ìš© ã…Žã…Ž https://t.co/AWIFVQqeep,683701
peackykook,RT @BTS_twt: ìš”ê±°ëŠ”...ê¸°ëŒ€í•´ì£¼ì„¸ìš© ã…Žã…Ž https://t.co/AWIFVQqeep,683698
xmlgio,RT @BTS_twt: ìš”ê±°ëŠ”...ê¸°ëŒ€í•´ì£¼ì„¸ìš© ã…Žã…Ž https://t.co/AWIFVQqeep,683694
KB_brh_KTH,RT @BTS_twt: ìš”ê±°ëŠ”...ê¸°ëŒ€í•´ì£¼ì„¸ìš© ã…Žã…Ž https://t.co/AWIFVQqeep,683692
maxninemin,RT @BTS_twt: ìš”ê±°ëŠ”...ê¸°ëŒ€í•´ì£¼ì„¸ìš© ã…Žã…Ž https://t.co/AWIFVQqeep,683691
outrowangxian,RT @BTS_twt: ìš”ê±°ëŠ”...ê¸°ëŒ€í•´ì£¼ì„¸ìš© ã…Žã…Ž https://t.co/AWIFVQqeep,683690
_PaPaaY_,RT @BTS_twt: ìš”ê±°ëŠ”...ê¸°ëŒ€í•´ì£¼ì„¸ìš© ã…Žã…Ž https://t.co/AWIFVQqeep,683688
